{"cameraMode":{"drawMode":0,"name":"Shaded","section":"Shading Mode"},"sceneLighting":false,"audioPlay":false,"sceneViewState":{"showFog":true,"showMaterialUpdate":false,"showSkybox":false,"showFlares":true,"showImageEffects":true,"showParticleSystems":true},"in2DMode":false,"pivot":{"x":-0.025999993085861207,"y":0.4560000002384186,"z":0.11300000548362732},"rotation":{"x":-0.02214502915740013,"y":0.7709730267524719,"z":-0.02684832736849785,"w":-0.6359219551086426},"size":5.45552921295166,"orthographic":false}